file_path,class
sign+AF8-videos/IMG+AF8-2856+AF8-clip+AF8-0.mp4,Temple
sign+AF8-videos/IMG+AF8-2856+AF8-clip+AF8-1.mp4,Temple
sign+AF8-videos/IMG+AF8-2856+AF8-clip+AF8-2.mp4,Temple
sign+AF8-videos/IMG+AF8-2857+AF8-clip+AF8-0.mp4,Enough/Satisfied
sign+AF8-videos/IMG+AF8-2857+AF8-clip+AF8-1.mp4,Enough/Satisfied
sign+AF8-videos/IMG+AF8-2857+AF8-clip+AF8-2.mp4,Enough/Satisfied
sign+AF8-videos/IMG+AF8-2861+AF8-clip+AF8-0.mp4,You
sign+AF8-videos/IMG+AF8-2861+AF8-clip+AF8-1.mp4,You
sign+AF8-videos/IMG+AF8-2861+AF8-clip+AF8-2.mp4,You
sign+AF8-videos/IMG+AF8-2859+AF8-clip+AF8-0.mp4,Church
sign+AF8-videos/IMG+AF8-2859+AF8-clip+AF8-1.mp4,Church
sign+AF8-videos/IMG+AF8-2859+AF8-clip+AF8-2.mp4,Church
sign+AF8-videos/IMG+AF8-2852+AF8-clip+AF8-0.mp4,Me
sign+AF8-videos/IMG+AF8-2852+AF8-clip+AF8-1.mp4,Me
sign+AF8-videos/IMG+AF8-2852+AF8-clip+AF8-2.mp4,Me
sign+AF8-videos/IMG+AF8-2855+AF8-clip+AF8-0.mp4,Friend
sign+AF8-videos/IMG+AF8-2855+AF8-clip+AF8-1.mp4,Friend
sign+AF8-videos/IMG+AF8-2855+AF8-clip+AF8-2.mp4,Friend
sign+AF8-videos/IMG+AF8-2853+AF8-clip+AF8-0.mp4,Mosque
sign+AF8-videos/IMG+AF8-2853+AF8-clip+AF8-1.mp4,Mosque
sign+AF8-videos/IMG+AF8-2853+AF8-clip+AF8-2.mp4,Mosque
sign+AF8-videos/IMG+AF8-2858+AF8-clip+AF8-0.mp4,Seat
sign+AF8-videos/IMG+AF8-2858+AF8-clip+AF8-1.mp4,Seat
sign+AF8-videos/IMG+AF8-2858+AF8-clip+AF8-2.mp4,Seat
sign+AF8-videos/IMG+AF8-2854+AF8-clip+AF8-0.mp4,Love
sign+AF8-videos/IMG+AF8-2854+AF8-clip+AF8-1.mp4,Love
sign+AF8-videos/IMG+AF8-2854+AF8-clip+AF8-2.mp4,Love
sign+AF8-videos/IMG+AF8-2907+AF8-clip+AF8-0.mp4,Me
sign+AF8-videos/IMG+AF8-2907+AF8-clip+AF8-1.mp4,Me
sign+AF8-videos/IMG+AF8-2907+AF8-clip+AF8-2.mp4,Me
sign+AF8-videos/IMG+AF8-2908+AF8-clip+AF8-0.mp4,Mosque
sign+AF8-videos/IMG+AF8-2908+AF8-clip+AF8-1.mp4,Mosque
sign+AF8-videos/IMG+AF8-2908+AF8-clip+AF8-2.mp4,Mosque
sign+AF8-videos/IMG+AF8-2909+AF8-clip+AF8-0.mp4,Love
sign+AF8-videos/IMG+AF8-2909+AF8-clip+AF8-1.mp4,Love
sign+AF8-videos/IMG+AF8-2909+AF8-clip+AF8-2.mp4,Love
sign+AF8-videos/IMG+AF8-2910+AF8-clip+AF8-0.mp4,Friend
sign+AF8-videos/IMG+AF8-2910+AF8-clip+AF8-1.mp4,Friend
sign+AF8-videos/IMG+AF8-2910+AF8-clip+AF8-2.mp4,Friend
sign+AF8-videos/IMG+AF8-2911+AF8-clip+AF8-0.mp4,Temple
sign+AF8-videos/IMG+AF8-2911+AF8-clip+AF8-1.mp4,Temple
sign+AF8-videos/IMG+AF8-2911+AF8-clip+AF8-2.mp4,Temple
sign+AF8-videos/IMG+AF8-2912+AF8-clip+AF8-0.mp4,Enough/Satisfied
sign+AF8-videos/IMG+AF8-2912+AF8-clip+AF8-1.mp4,Enough/Satisfied
sign+AF8-videos/IMG+AF8-2912+AF8-clip+AF8-2.mp4,Enough/Satisfied
sign+AF8-videos/IMG+AF8-2913+AF8-clip+AF8-0.mp4,Seat
sign+AF8-videos/IMG+AF8-2913+AF8-clip+AF8-1.mp4,Seat
sign+AF8-videos/IMG+AF8-2913+AF8-clip+AF8-2.mp4,Seat
sign+AF8-videos/IMG+AF8-2914+AF8-clip+AF8-0.mp4,Church
sign+AF8-videos/IMG+AF8-2914+AF8-clip+AF8-1.mp4,Church
sign+AF8-videos/IMG+AF8-2914+AF8-clip+AF8-2.mp4,Church
sign+AF8-videos/IMG+AF8-2915+AF8-clip+AF8-0.mp4,You
sign+AF8-videos/IMG+AF8-2915+AF8-clip+AF8-1.mp4,You
sign+AF8-videos/IMG+AF8-2915+AF8-clip+AF8-2.mp4,You
sign+AF8-videos/IMG+AF8-2916+AF8-clip+AF8-0.mp4,Me
sign+AF8-videos/IMG+AF8-2916+AF8-clip+AF8-1.mp4,Me
sign+AF8-videos/IMG+AF8-2916+AF8-clip+AF8-2.mp4,Me
sign+AF8-videos/IMG+AF8-2917+AF8-clip+AF8-0.mp4,Mosque
sign+AF8-videos/IMG+AF8-2917+AF8-clip+AF8-1.mp4,Mosque
sign+AF8-videos/IMG+AF8-2917+AF8-clip+AF8-2.mp4,Mosque
sign+AF8-videos/IMG+AF8-2918+AF8-clip+AF8-0.mp4,Love
sign+AF8-videos/IMG+AF8-2918+AF8-clip+AF8-1.mp4,Love
sign+AF8-videos/IMG+AF8-2918+AF8-clip+AF8-2.mp4,Love
sign+AF8-videos/IMG+AF8-2919+AF8-clip+AF8-0.mp4,Friend
sign+AF8-videos/IMG+AF8-2919+AF8-clip+AF8-1.mp4,Friend
sign+AF8-videos/IMG+AF8-2919+AF8-clip+AF8-2.mp4,Friend
sign+AF8-videos/IMG+AF8-2920+AF8-clip+AF8-0.mp4,Temple
sign+AF8-videos/IMG+AF8-2920+AF8-clip+AF8-1.mp4,Temple
sign+AF8-videos/IMG+AF8-2920+AF8-clip+AF8-2.mp4,Temple
sign+AF8-videos/IMG+AF8-2921+AF8-clip+AF8-0.mp4,Enough/Satisfied
sign+AF8-videos/IMG+AF8-2921+AF8-clip+AF8-1.mp4,Enough/Satisfied
sign+AF8-videos/IMG+AF8-2921+AF8-clip+AF8-2.mp4,Enough/Satisfied
sign+AF8-videos/IMG+AF8-2922+AF8-clip+AF8-0.mp4,Seat
sign+AF8-videos/IMG+AF8-2922+AF8-clip+AF8-1.mp4,Seat
sign+AF8-videos/IMG+AF8-2922+AF8-clip+AF8-2.mp4,Seat
sign+AF8-videos/IMG+AF8-2923+AF8-clip+AF8-0.mp4,Church
sign+AF8-videos/IMG+AF8-2923+AF8-clip+AF8-1.mp4,Church
sign+AF8-videos/IMG+AF8-2923+AF8-clip+AF8-2.mp4,Church
sign+AF8-videos/IMG+AF8-2924+AF8-clip+AF8-0.mp4,You
sign+AF8-videos/IMG+AF8-2924+AF8-clip+AF8-1.mp4,You
sign+AF8-videos/IMG+AF8-2924+AF8-clip+AF8-2.mp4,You
sign+AF8-videos/IMG+AF8-2925+AF8-clip+AF8-0.mp4,Me
sign+AF8-videos/IMG+AF8-2925+AF8-clip+AF8-1.mp4,Me
sign+AF8-videos/IMG+AF8-2925+AF8-clip+AF8-2.mp4,Me
sign+AF8-videos/IMG+AF8-2926+AF8-clip+AF8-0.mp4,Mosque
sign+AF8-videos/IMG+AF8-2926+AF8-clip+AF8-1.mp4,Mosque
sign+AF8-videos/IMG+AF8-2926+AF8-clip+AF8-2.mp4,Mosque
sign+AF8-videos/IMG+AF8-2927+AF8-clip+AF8-0.mp4,Love
sign+AF8-videos/IMG+AF8-2927+AF8-clip+AF8-1.mp4,Love
sign+AF8-videos/IMG+AF8-2927+AF8-clip+AF8-2.mp4,Love
sign+AF8-videos/IMG+AF8-2929+AF8-clip+AF8-0.mp4,Friend
sign+AF8-videos/IMG+AF8-2929+AF8-clip+AF8-1.mp4,Friend
sign+AF8-videos/IMG+AF8-2929+AF8-clip+AF8-2.mp4,Friend
sign+AF8-videos/IMG+AF8-2930+AF8-clip+AF8-0.mp4,Temple
sign+AF8-videos/IMG+AF8-2930+AF8-clip+AF8-1.mp4,Temple
sign+AF8-videos/IMG+AF8-2930+AF8-clip+AF8-2.mp4,Temple
sign+AF8-videos/IMG+AF8-2931+AF8-clip+AF8-0.mp4,Enough/Satisfied
sign+AF8-videos/IMG+AF8-2931+AF8-clip+AF8-1.mp4,Enough/Satisfied
sign+AF8-videos/IMG+AF8-2931+AF8-clip+AF8-2.mp4,Enough/Satisfied
sign+AF8-videos/IMG+AF8-2932+AF8-clip+AF8-0.mp4,Seat
sign+AF8-videos/IMG+AF8-2932+AF8-clip+AF8-1.mp4,Seat
sign+AF8-videos/IMG+AF8-2932+AF8-clip+AF8-2.mp4,Seat
sign+AF8-videos/IMG+AF8-2933+AF8-clip+AF8-0.mp4,Church
sign+AF8-videos/IMG+AF8-2933+AF8-clip+AF8-1.mp4,Church
sign+AF8-videos/IMG+AF8-2933+AF8-clip+AF8-2.mp4,Church
sign+AF8-videos/IMG+AF8-2934+AF8-clip+AF8-0.mp4,You
sign+AF8-videos/IMG+AF8-2934+AF8-clip+AF8-1.mp4,You
sign+AF8-videos/IMG+AF8-2934+AF8-clip+AF8-2.mp4,You
sign+AF8-videos/IMG+AF8-2935+AF8-clip+AF8-0.mp4,Me
sign+AF8-videos/IMG+AF8-2935+AF8-clip+AF8-1.mp4,Me
sign+AF8-videos/IMG+AF8-2935+AF8-clip+AF8-2.mp4,Me
sign+AF8-videos/IMG+AF8-2936+AF8-clip+AF8-0.mp4,Mosque
sign+AF8-videos/IMG+AF8-2936+AF8-clip+AF8-1.mp4,Mosque
sign+AF8-videos/IMG+AF8-2936+AF8-clip+AF8-2.mp4,Mosque
sign+AF8-videos/IMG+AF8-2937+AF8-clip+AF8-0.mp4,Love
sign+AF8-videos/IMG+AF8-2937+AF8-clip+AF8-1.mp4,Love
sign+AF8-videos/IMG+AF8-2937+AF8-clip+AF8-2.mp4,Love
sign+AF8-videos/IMG+AF8-2938+AF8-clip+AF8-0.mp4,Friend
sign+AF8-videos/IMG+AF8-2938+AF8-clip+AF8-1.mp4,Friend
sign+AF8-videos/IMG+AF8-2938+AF8-clip+AF8-2.mp4,Friend
sign+AF8-videos/IMG+AF8-2939+AF8-clip+AF8-0.mp4,Temple
sign+AF8-videos/IMG+AF8-2939+AF8-clip+AF8-1.mp4,Temple
sign+AF8-videos/IMG+AF8-2939+AF8-clip+AF8-2.mp4,Temple
sign+AF8-videos/IMG+AF8-2940+AF8-clip+AF8-0.mp4,Enough/Satisfied
sign+AF8-videos/IMG+AF8-2940+AF8-clip+AF8-1.mp4,Enough/Satisfied
sign+AF8-videos/IMG+AF8-2940+AF8-clip+AF8-2.mp4,Enough/Satisfied
sign+AF8-videos/IMG+AF8-2941+AF8-clip+AF8-0.mp4,Seat
sign+AF8-videos/IMG+AF8-2941+AF8-clip+AF8-1.mp4,Seat
sign+AF8-videos/IMG+AF8-2941+AF8-clip+AF8-2.mp4,Seat
sign+AF8-videos/IMG+AF8-2942+AF8-clip+AF8-0.mp4,Church
sign+AF8-videos/IMG+AF8-2942+AF8-clip+AF8-1.mp4,Church
sign+AF8-videos/IMG+AF8-2942+AF8-clip+AF8-2.mp4,Church
sign+AF8-videos/IMG+AF8-2943+AF8-clip+AF8-0.mp4,You
sign+AF8-videos/IMG+AF8-2943+AF8-clip+AF8-1.mp4,You
sign+AF8-videos/IMG+AF8-2943+AF8-clip+AF8-2.mp4,You
sign+AF8-videos/IMG+AF8-2856+AF8-clip+AF8-0+AF8-aug+AF8-0.mp4,Temple
sign+AF8-videos/IMG+AF8-2856+AF8-clip+AF8-0+AF8-aug+AF8-1.mp4,Temple
sign+AF8-videos/IMG+AF8-2856+AF8-clip+AF8-1+AF8-aug+AF8-0.mp4,Temple
sign+AF8-videos/IMG+AF8-2856+AF8-clip+AF8-1+AF8-aug+AF8-1.mp4,Temple
sign+AF8-videos/IMG+AF8-2856+AF8-clip+AF8-2+AF8-aug+AF8-0.mp4,Temple
sign+AF8-videos/IMG+AF8-2856+AF8-clip+AF8-2+AF8-aug+AF8-1.mp4,Temple
sign+AF8-videos/IMG+AF8-2857+AF8-clip+AF8-0+AF8-aug+AF8-0.mp4,Enough/Satisfied
sign+AF8-videos/IMG+AF8-2857+AF8-clip+AF8-0+AF8-aug+AF8-1.mp4,Enough/Satisfied
sign+AF8-videos/IMG+AF8-2857+AF8-clip+AF8-1+AF8-aug+AF8-0.mp4,Enough/Satisfied
sign+AF8-videos/IMG+AF8-2857+AF8-clip+AF8-1+AF8-aug+AF8-1.mp4,Enough/Satisfied
sign+AF8-videos/IMG+AF8-2857+AF8-clip+AF8-2+AF8-aug+AF8-0.mp4,Enough/Satisfied
sign+AF8-videos/IMG+AF8-2857+AF8-clip+AF8-2+AF8-aug+AF8-1.mp4,Enough/Satisfied
sign+AF8-videos/IMG+AF8-2861+AF8-clip+AF8-0+AF8-aug+AF8-0.mp4,You
sign+AF8-videos/IMG+AF8-2861+AF8-clip+AF8-0+AF8-aug+AF8-1.mp4,You
sign+AF8-videos/IMG+AF8-2861+AF8-clip+AF8-1+AF8-aug+AF8-0.mp4,You
sign+AF8-videos/IMG+AF8-2861+AF8-clip+AF8-1+AF8-aug+AF8-1.mp4,You
sign+AF8-videos/IMG+AF8-2861+AF8-clip+AF8-2+AF8-aug+AF8-0.mp4,You
sign+AF8-videos/IMG+AF8-2861+AF8-clip+AF8-2+AF8-aug+AF8-1.mp4,You
sign+AF8-videos/IMG+AF8-2859+AF8-clip+AF8-0+AF8-aug+AF8-0.mp4,Church
sign+AF8-videos/IMG+AF8-2859+AF8-clip+AF8-0+AF8-aug+AF8-1.mp4,Church
sign+AF8-videos/IMG+AF8-2859+AF8-clip+AF8-1+AF8-aug+AF8-0.mp4,Church
sign+AF8-videos/IMG+AF8-2859+AF8-clip+AF8-1+AF8-aug+AF8-1.mp4,Church
sign+AF8-videos/IMG+AF8-2859+AF8-clip+AF8-2+AF8-aug+AF8-0.mp4,Church
sign+AF8-videos/IMG+AF8-2859+AF8-clip+AF8-2+AF8-aug+AF8-1.mp4,Church
sign+AF8-videos/IMG+AF8-2852+AF8-clip+AF8-0+AF8-aug+AF8-0.mp4,Me
sign+AF8-videos/IMG+AF8-2852+AF8-clip+AF8-0+AF8-aug+AF8-1.mp4,Me
sign+AF8-videos/IMG+AF8-2852+AF8-clip+AF8-1+AF8-aug+AF8-0.mp4,Me
sign+AF8-videos/IMG+AF8-2852+AF8-clip+AF8-1+AF8-aug+AF8-1.mp4,Me
sign+AF8-videos/IMG+AF8-2852+AF8-clip+AF8-2+AF8-aug+AF8-0.mp4,Me
sign+AF8-videos/IMG+AF8-2852+AF8-clip+AF8-2+AF8-aug+AF8-1.mp4,Me
sign+AF8-videos/IMG+AF8-2855+AF8-clip+AF8-0+AF8-aug+AF8-0.mp4,Friend
sign+AF8-videos/IMG+AF8-2855+AF8-clip+AF8-0+AF8-aug+AF8-1.mp4,Friend
sign+AF8-videos/IMG+AF8-2855+AF8-clip+AF8-1+AF8-aug+AF8-0.mp4,Friend
sign+AF8-videos/IMG+AF8-2855+AF8-clip+AF8-1+AF8-aug+AF8-1.mp4,Friend
sign+AF8-videos/IMG+AF8-2855+AF8-clip+AF8-2+AF8-aug+AF8-0.mp4,Friend
sign+AF8-videos/IMG+AF8-2855+AF8-clip+AF8-2+AF8-aug+AF8-1.mp4,Friend
sign+AF8-videos/IMG+AF8-2853+AF8-clip+AF8-0+AF8-aug+AF8-0.mp4,Mosque
sign+AF8-videos/IMG+AF8-2853+AF8-clip+AF8-0+AF8-aug+AF8-1.mp4,Mosque
sign+AF8-videos/IMG+AF8-2853+AF8-clip+AF8-1+AF8-aug+AF8-0.mp4,Mosque
sign+AF8-videos/IMG+AF8-2853+AF8-clip+AF8-1+AF8-aug+AF8-1.mp4,Mosque
sign+AF8-videos/IMG+AF8-2853+AF8-clip+AF8-2+AF8-aug+AF8-0.mp4,Mosque
sign+AF8-videos/IMG+AF8-2853+AF8-clip+AF8-2+AF8-aug+AF8-1.mp4,Mosque
sign+AF8-videos/IMG+AF8-2858+AF8-clip+AF8-0+AF8-aug+AF8-0.mp4,Seat
sign+AF8-videos/IMG+AF8-2858+AF8-clip+AF8-0+AF8-aug+AF8-1.mp4,Seat
sign+AF8-videos/IMG+AF8-2858+AF8-clip+AF8-1+AF8-aug+AF8-0.mp4,Seat
sign+AF8-videos/IMG+AF8-2858+AF8-clip+AF8-1+AF8-aug+AF8-1.mp4,Seat
sign+AF8-videos/IMG+AF8-2858+AF8-clip+AF8-2+AF8-aug+AF8-0.mp4,Seat
sign+AF8-videos/IMG+AF8-2858+AF8-clip+AF8-2+AF8-aug+AF8-1.mp4,Seat
sign+AF8-videos/IMG+AF8-2854+AF8-clip+AF8-0+AF8-aug+AF8-0.mp4,Love
sign+AF8-videos/IMG+AF8-2854+AF8-clip+AF8-0+AF8-aug+AF8-1.mp4,Love
sign+AF8-videos/IMG+AF8-2854+AF8-clip+AF8-1+AF8-aug+AF8-0.mp4,Love
sign+AF8-videos/IMG+AF8-2854+AF8-clip+AF8-1+AF8-aug+AF8-1.mp4,Love
sign+AF8-videos/IMG+AF8-2854+AF8-clip+AF8-2+AF8-aug+AF8-0.mp4,Love
sign+AF8-videos/IMG+AF8-2854+AF8-clip+AF8-2+AF8-aug+AF8-1.mp4,Love
sign+AF8-videos/IMG+AF8-2907+AF8-clip+AF8-0+AF8-aug+AF8-0.mp4,Me
sign+AF8-videos/IMG+AF8-2907+AF8-clip+AF8-0+AF8-aug+AF8-1.mp4,Me
sign+AF8-videos/IMG+AF8-2907+AF8-clip+AF8-1+AF8-aug+AF8-0.mp4,Me
sign+AF8-videos/IMG+AF8-2907+AF8-clip+AF8-1+AF8-aug+AF8-1.mp4,Me
sign+AF8-videos/IMG+AF8-2907+AF8-clip+AF8-2+AF8-aug+AF8-0.mp4,Me
sign+AF8-videos/IMG+AF8-2907+AF8-clip+AF8-2+AF8-aug+AF8-1.mp4,Me
sign+AF8-videos/IMG+AF8-2908+AF8-clip+AF8-0+AF8-aug+AF8-0.mp4,Mosque
sign+AF8-videos/IMG+AF8-2908+AF8-clip+AF8-0+AF8-aug+AF8-1.mp4,Mosque
sign+AF8-videos/IMG+AF8-2908+AF8-clip+AF8-1+AF8-aug+AF8-0.mp4,Mosque
sign+AF8-videos/IMG+AF8-2908+AF8-clip+AF8-1+AF8-aug+AF8-1.mp4,Mosque
sign+AF8-videos/IMG+AF8-2908+AF8-clip+AF8-2+AF8-aug+AF8-0.mp4,Mosque
sign+AF8-videos/IMG+AF8-2908+AF8-clip+AF8-2+AF8-aug+AF8-1.mp4,Mosque
sign+AF8-videos/IMG+AF8-2909+AF8-clip+AF8-0+AF8-aug+AF8-0.mp4,Love
sign+AF8-videos/IMG+AF8-2909+AF8-clip+AF8-0+AF8-aug+AF8-1.mp4,Love
sign+AF8-videos/IMG+AF8-2909+AF8-clip+AF8-1+AF8-aug+AF8-0.mp4,Love
sign+AF8-videos/IMG+AF8-2909+AF8-clip+AF8-1+AF8-aug+AF8-1.mp4,Love
sign+AF8-videos/IMG+AF8-2909+AF8-clip+AF8-2+AF8-aug+AF8-0.mp4,Love
sign+AF8-videos/IMG+AF8-2909+AF8-clip+AF8-2+AF8-aug+AF8-1.mp4,Love
sign+AF8-videos/IMG+AF8-2910+AF8-clip+AF8-0+AF8-aug+AF8-0.mp4,Friend
sign+AF8-videos/IMG+AF8-2910+AF8-clip+AF8-0+AF8-aug+AF8-1.mp4,Friend
sign+AF8-videos/IMG+AF8-2910+AF8-clip+AF8-1+AF8-aug+AF8-0.mp4,Friend
sign+AF8-videos/IMG+AF8-2910+AF8-clip+AF8-1+AF8-aug+AF8-1.mp4,Friend
sign+AF8-videos/IMG+AF8-2910+AF8-clip+AF8-2+AF8-aug+AF8-0.mp4,Friend
sign+AF8-videos/IMG+AF8-2910+AF8-clip+AF8-2+AF8-aug+AF8-1.mp4,Friend
sign+AF8-videos/IMG+AF8-2911+AF8-clip+AF8-0+AF8-aug+AF8-0.mp4,Temple
sign+AF8-videos/IMG+AF8-2911+AF8-clip+AF8-0+AF8-aug+AF8-1.mp4,Temple
sign+AF8-videos/IMG+AF8-2911+AF8-clip+AF8-1+AF8-aug+AF8-0.mp4,Temple
sign+AF8-videos/IMG+AF8-2911+AF8-clip+AF8-1+AF8-aug+AF8-1.mp4,Temple
sign+AF8-videos/IMG+AF8-2911+AF8-clip+AF8-2+AF8-aug+AF8-0.mp4,Temple
sign+AF8-videos/IMG+AF8-2911+AF8-clip+AF8-2+AF8-aug+AF8-1.mp4,Temple
sign+AF8-videos/IMG+AF8-2912+AF8-clip+AF8-0+AF8-aug+AF8-0.mp4,Enough/Satisfied
sign+AF8-videos/IMG+AF8-2912+AF8-clip+AF8-0+AF8-aug+AF8-1.mp4,Enough/Satisfied
sign+AF8-videos/IMG+AF8-2912+AF8-clip+AF8-1+AF8-aug+AF8-0.mp4,Enough/Satisfied
sign+AF8-videos/IMG+AF8-2912+AF8-clip+AF8-1+AF8-aug+AF8-1.mp4,Enough/Satisfied
sign+AF8-videos/IMG+AF8-2912+AF8-clip+AF8-2+AF8-aug+AF8-0.mp4,Enough/Satisfied
sign+AF8-videos/IMG+AF8-2912+AF8-clip+AF8-2+AF8-aug+AF8-1.mp4,Enough/Satisfied
sign+AF8-videos/IMG+AF8-2913+AF8-clip+AF8-0+AF8-aug+AF8-0.mp4,Seat
sign+AF8-videos/IMG+AF8-2913+AF8-clip+AF8-0+AF8-aug+AF8-1.mp4,Seat
sign+AF8-videos/IMG+AF8-2913+AF8-clip+AF8-1+AF8-aug+AF8-0.mp4,Seat
sign+AF8-videos/IMG+AF8-2913+AF8-clip+AF8-1+AF8-aug+AF8-1.mp4,Seat
sign+AF8-videos/IMG+AF8-2913+AF8-clip+AF8-2+AF8-aug+AF8-0.mp4,Seat
sign+AF8-videos/IMG+AF8-2913+AF8-clip+AF8-2+AF8-aug+AF8-1.mp4,Seat
sign+AF8-videos/IMG+AF8-2914+AF8-clip+AF8-0+AF8-aug+AF8-0.mp4,Church
sign+AF8-videos/IMG+AF8-2914+AF8-clip+AF8-0+AF8-aug+AF8-1.mp4,Church
sign+AF8-videos/IMG+AF8-2914+AF8-clip+AF8-1+AF8-aug+AF8-0.mp4,Church
sign+AF8-videos/IMG+AF8-2914+AF8-clip+AF8-1+AF8-aug+AF8-1.mp4,Church
sign+AF8-videos/IMG+AF8-2914+AF8-clip+AF8-2+AF8-aug+AF8-0.mp4,Church
sign+AF8-videos/IMG+AF8-2914+AF8-clip+AF8-2+AF8-aug+AF8-1.mp4,Church
sign+AF8-videos/IMG+AF8-2915+AF8-clip+AF8-0+AF8-aug+AF8-0.mp4,You
sign+AF8-videos/IMG+AF8-2915+AF8-clip+AF8-0+AF8-aug+AF8-1.mp4,You
sign+AF8-videos/IMG+AF8-2915+AF8-clip+AF8-1+AF8-aug+AF8-0.mp4,You
sign+AF8-videos/IMG+AF8-2915+AF8-clip+AF8-1+AF8-aug+AF8-1.mp4,You
sign+AF8-videos/IMG+AF8-2915+AF8-clip+AF8-2+AF8-aug+AF8-0.mp4,You
sign+AF8-videos/IMG+AF8-2915+AF8-clip+AF8-2+AF8-aug+AF8-1.mp4,You
sign+AF8-videos/IMG+AF8-2916+AF8-clip+AF8-0+AF8-aug+AF8-0.mp4,Me
sign+AF8-videos/IMG+AF8-2916+AF8-clip+AF8-0+AF8-aug+AF8-1.mp4,Me
sign+AF8-videos/IMG+AF8-2916+AF8-clip+AF8-1+AF8-aug+AF8-0.mp4,Me
sign+AF8-videos/IMG+AF8-2916+AF8-clip+AF8-1+AF8-aug+AF8-1.mp4,Me
sign+AF8-videos/IMG+AF8-2916+AF8-clip+AF8-2+AF8-aug+AF8-0.mp4,Me
sign+AF8-videos/IMG+AF8-2916+AF8-clip+AF8-2+AF8-aug+AF8-1.mp4,Me
sign+AF8-videos/IMG+AF8-2917+AF8-clip+AF8-0+AF8-aug+AF8-0.mp4,Mosque
sign+AF8-videos/IMG+AF8-2917+AF8-clip+AF8-0+AF8-aug+AF8-1.mp4,Mosque
sign+AF8-videos/IMG+AF8-2917+AF8-clip+AF8-1+AF8-aug+AF8-0.mp4,Mosque
sign+AF8-videos/IMG+AF8-2917+AF8-clip+AF8-1+AF8-aug+AF8-1.mp4,Mosque
sign+AF8-videos/IMG+AF8-2917+AF8-clip+AF8-2+AF8-aug+AF8-0.mp4,Mosque
sign+AF8-videos/IMG+AF8-2917+AF8-clip+AF8-2+AF8-aug+AF8-1.mp4,Mosque
sign+AF8-videos/IMG+AF8-2918+AF8-clip+AF8-0+AF8-aug+AF8-0.mp4,Love
sign+AF8-videos/IMG+AF8-2918+AF8-clip+AF8-0+AF8-aug+AF8-1.mp4,Love
sign+AF8-videos/IMG+AF8-2918+AF8-clip+AF8-1+AF8-aug+AF8-0.mp4,Love
sign+AF8-videos/IMG+AF8-2918+AF8-clip+AF8-1+AF8-aug+AF8-1.mp4,Love
sign+AF8-videos/IMG+AF8-2918+AF8-clip+AF8-2+AF8-aug+AF8-0.mp4,Love
sign+AF8-videos/IMG+AF8-2918+AF8-clip+AF8-2+AF8-aug+AF8-1.mp4,Love
sign+AF8-videos/IMG+AF8-2919+AF8-clip+AF8-0+AF8-aug+AF8-0.mp4,Friend
sign+AF8-videos/IMG+AF8-2919+AF8-clip+AF8-0+AF8-aug+AF8-1.mp4,Friend
sign+AF8-videos/IMG+AF8-2919+AF8-clip+AF8-1+AF8-aug+AF8-0.mp4,Friend
sign+AF8-videos/IMG+AF8-2919+AF8-clip+AF8-1+AF8-aug+AF8-1.mp4,Friend
sign+AF8-videos/IMG+AF8-2919+AF8-clip+AF8-2+AF8-aug+AF8-0.mp4,Friend
sign+AF8-videos/IMG+AF8-2919+AF8-clip+AF8-2+AF8-aug+AF8-1.mp4,Friend
sign+AF8-videos/IMG+AF8-2920+AF8-clip+AF8-0+AF8-aug+AF8-0.mp4,Temple
sign+AF8-videos/IMG+AF8-2920+AF8-clip+AF8-0+AF8-aug+AF8-1.mp4,Temple
sign+AF8-videos/IMG+AF8-2920+AF8-clip+AF8-1+AF8-aug+AF8-0.mp4,Temple
sign+AF8-videos/IMG+AF8-2920+AF8-clip+AF8-1+AF8-aug+AF8-1.mp4,Temple
sign+AF8-videos/IMG+AF8-2920+AF8-clip+AF8-2+AF8-aug+AF8-0.mp4,Temple
sign+AF8-videos/IMG+AF8-2920+AF8-clip+AF8-2+AF8-aug+AF8-1.mp4,Temple
sign+AF8-videos/IMG+AF8-2921+AF8-clip+AF8-0+AF8-aug+AF8-0.mp4,Enough/Satisfied
sign+AF8-videos/IMG+AF8-2921+AF8-clip+AF8-0+AF8-aug+AF8-1.mp4,Enough/Satisfied
sign+AF8-videos/IMG+AF8-2921+AF8-clip+AF8-1+AF8-aug+AF8-0.mp4,Enough/Satisfied
sign+AF8-videos/IMG+AF8-2921+AF8-clip+AF8-1+AF8-aug+AF8-1.mp4,Enough/Satisfied
sign+AF8-videos/IMG+AF8-2921+AF8-clip+AF8-2+AF8-aug+AF8-0.mp4,Enough/Satisfied
sign+AF8-videos/IMG+AF8-2921+AF8-clip+AF8-2+AF8-aug+AF8-1.mp4,Enough/Satisfied
sign+AF8-videos/IMG+AF8-2922+AF8-clip+AF8-0+AF8-aug+AF8-0.mp4,Seat
sign+AF8-videos/IMG+AF8-2922+AF8-clip+AF8-0+AF8-aug+AF8-1.mp4,Seat
sign+AF8-videos/IMG+AF8-2922+AF8-clip+AF8-1+AF8-aug+AF8-0.mp4,Seat
sign+AF8-videos/IMG+AF8-2922+AF8-clip+AF8-1+AF8-aug+AF8-1.mp4,Seat
sign+AF8-videos/IMG+AF8-2922+AF8-clip+AF8-2+AF8-aug+AF8-0.mp4,Seat
sign+AF8-videos/IMG+AF8-2922+AF8-clip+AF8-2+AF8-aug+AF8-1.mp4,Seat
sign+AF8-videos/IMG+AF8-2923+AF8-clip+AF8-0+AF8-aug+AF8-0.mp4,Church
sign+AF8-videos/IMG+AF8-2923+AF8-clip+AF8-0+AF8-aug+AF8-1.mp4,Church
sign+AF8-videos/IMG+AF8-2923+AF8-clip+AF8-1+AF8-aug+AF8-0.mp4,Church
sign+AF8-videos/IMG+AF8-2923+AF8-clip+AF8-1+AF8-aug+AF8-1.mp4,Church
sign+AF8-videos/IMG+AF8-2923+AF8-clip+AF8-2+AF8-aug+AF8-0.mp4,Church
sign+AF8-videos/IMG+AF8-2923+AF8-clip+AF8-2+AF8-aug+AF8-1.mp4,Church
sign+AF8-videos/IMG+AF8-2924+AF8-clip+AF8-0+AF8-aug+AF8-0.mp4,You
sign+AF8-videos/IMG+AF8-2924+AF8-clip+AF8-0+AF8-aug+AF8-1.mp4,You
sign+AF8-videos/IMG+AF8-2924+AF8-clip+AF8-1+AF8-aug+AF8-0.mp4,You
sign+AF8-videos/IMG+AF8-2924+AF8-clip+AF8-1+AF8-aug+AF8-1.mp4,You
sign+AF8-videos/IMG+AF8-2924+AF8-clip+AF8-2+AF8-aug+AF8-0.mp4,You
sign+AF8-videos/IMG+AF8-2924+AF8-clip+AF8-2+AF8-aug+AF8-1.mp4,You
sign+AF8-videos/IMG+AF8-2925+AF8-clip+AF8-0+AF8-aug+AF8-0.mp4,Me
sign+AF8-videos/IMG+AF8-2925+AF8-clip+AF8-0+AF8-aug+AF8-1.mp4,Me
sign+AF8-videos/IMG+AF8-2925+AF8-clip+AF8-1+AF8-aug+AF8-0.mp4,Me
sign+AF8-videos/IMG+AF8-2925+AF8-clip+AF8-1+AF8-aug+AF8-1.mp4,Me
sign+AF8-videos/IMG+AF8-2925+AF8-clip+AF8-2+AF8-aug+AF8-0.mp4,Me
sign+AF8-videos/IMG+AF8-2925+AF8-clip+AF8-2+AF8-aug+AF8-1.mp4,Me
sign+AF8-videos/IMG+AF8-2926+AF8-clip+AF8-0+AF8-aug+AF8-0.mp4,Mosque
sign+AF8-videos/IMG+AF8-2926+AF8-clip+AF8-0+AF8-aug+AF8-1.mp4,Mosque
sign+AF8-videos/IMG+AF8-2926+AF8-clip+AF8-1+AF8-aug+AF8-0.mp4,Mosque
sign+AF8-videos/IMG+AF8-2926+AF8-clip+AF8-1+AF8-aug+AF8-1.mp4,Mosque
sign+AF8-videos/IMG+AF8-2926+AF8-clip+AF8-2+AF8-aug+AF8-0.mp4,Mosque
sign+AF8-videos/IMG+AF8-2926+AF8-clip+AF8-2+AF8-aug+AF8-1.mp4,Mosque
sign+AF8-videos/IMG+AF8-2927+AF8-clip+AF8-0+AF8-aug+AF8-0.mp4,Love
sign+AF8-videos/IMG+AF8-2927+AF8-clip+AF8-0+AF8-aug+AF8-1.mp4,Love
sign+AF8-videos/IMG+AF8-2927+AF8-clip+AF8-1+AF8-aug+AF8-0.mp4,Love
sign+AF8-videos/IMG+AF8-2927+AF8-clip+AF8-1+AF8-aug+AF8-1.mp4,Love
sign+AF8-videos/IMG+AF8-2927+AF8-clip+AF8-2+AF8-aug+AF8-0.mp4,Love
sign+AF8-videos/IMG+AF8-2927+AF8-clip+AF8-2+AF8-aug+AF8-1.mp4,Love
sign+AF8-videos/IMG+AF8-2929+AF8-clip+AF8-0+AF8-aug+AF8-0.mp4,Friend
sign+AF8-videos/IMG+AF8-2929+AF8-clip+AF8-0+AF8-aug+AF8-1.mp4,Friend
sign+AF8-videos/IMG+AF8-2929+AF8-clip+AF8-1+AF8-aug+AF8-0.mp4,Friend
sign+AF8-videos/IMG+AF8-2929+AF8-clip+AF8-1+AF8-aug+AF8-1.mp4,Friend
sign+AF8-videos/IMG+AF8-2929+AF8-clip+AF8-2+AF8-aug+AF8-0.mp4,Friend
sign+AF8-videos/IMG+AF8-2929+AF8-clip+AF8-2+AF8-aug+AF8-1.mp4,Friend
sign+AF8-videos/IMG+AF8-2930+AF8-clip+AF8-0+AF8-aug+AF8-0.mp4,Temple
sign+AF8-videos/IMG+AF8-2930+AF8-clip+AF8-0+AF8-aug+AF8-1.mp4,Temple
sign+AF8-videos/IMG+AF8-2930+AF8-clip+AF8-1+AF8-aug+AF8-0.mp4,Temple
sign+AF8-videos/IMG+AF8-2930+AF8-clip+AF8-1+AF8-aug+AF8-1.mp4,Temple
sign+AF8-videos/IMG+AF8-2930+AF8-clip+AF8-2+AF8-aug+AF8-0.mp4,Temple
sign+AF8-videos/IMG+AF8-2930+AF8-clip+AF8-2+AF8-aug+AF8-1.mp4,Temple
sign+AF8-videos/IMG+AF8-2931+AF8-clip+AF8-0+AF8-aug+AF8-0.mp4,Enough/Satisfied
sign+AF8-videos/IMG+AF8-2931+AF8-clip+AF8-0+AF8-aug+AF8-1.mp4,Enough/Satisfied
sign+AF8-videos/IMG+AF8-2931+AF8-clip+AF8-1+AF8-aug+AF8-0.mp4,Enough/Satisfied
sign+AF8-videos/IMG+AF8-2931+AF8-clip+AF8-1+AF8-aug+AF8-1.mp4,Enough/Satisfied
sign+AF8-videos/IMG+AF8-2931+AF8-clip+AF8-2+AF8-aug+AF8-0.mp4,Enough/Satisfied
sign+AF8-videos/IMG+AF8-2931+AF8-clip+AF8-2+AF8-aug+AF8-1.mp4,Enough/Satisfied
sign+AF8-videos/IMG+AF8-2932+AF8-clip+AF8-0+AF8-aug+AF8-0.mp4,Seat
sign+AF8-videos/IMG+AF8-2932+AF8-clip+AF8-0+AF8-aug+AF8-1.mp4,Seat
sign+AF8-videos/IMG+AF8-2932+AF8-clip+AF8-1+AF8-aug+AF8-0.mp4,Seat
sign+AF8-videos/IMG+AF8-2932+AF8-clip+AF8-1+AF8-aug+AF8-1.mp4,Seat
sign+AF8-videos/IMG+AF8-2932+AF8-clip+AF8-2+AF8-aug+AF8-0.mp4,Seat
sign+AF8-videos/IMG+AF8-2932+AF8-clip+AF8-2+AF8-aug+AF8-1.mp4,Seat
sign+AF8-videos/IMG+AF8-2933+AF8-clip+AF8-0+AF8-aug+AF8-0.mp4,Church
sign+AF8-videos/IMG+AF8-2933+AF8-clip+AF8-0+AF8-aug+AF8-1.mp4,Church
sign+AF8-videos/IMG+AF8-2933+AF8-clip+AF8-1+AF8-aug+AF8-0.mp4,Church
sign+AF8-videos/IMG+AF8-2933+AF8-clip+AF8-1+AF8-aug+AF8-1.mp4,Church
sign+AF8-videos/IMG+AF8-2933+AF8-clip+AF8-2+AF8-aug+AF8-0.mp4,Church
sign+AF8-videos/IMG+AF8-2933+AF8-clip+AF8-2+AF8-aug+AF8-1.mp4,Church
sign+AF8-videos/IMG+AF8-2934+AF8-clip+AF8-0+AF8-aug+AF8-0.mp4,You
sign+AF8-videos/IMG+AF8-2934+AF8-clip+AF8-0+AF8-aug+AF8-1.mp4,You
sign+AF8-videos/IMG+AF8-2934+AF8-clip+AF8-1+AF8-aug+AF8-0.mp4,You
sign+AF8-videos/IMG+AF8-2934+AF8-clip+AF8-1+AF8-aug+AF8-1.mp4,You
sign+AF8-videos/IMG+AF8-2934+AF8-clip+AF8-2+AF8-aug+AF8-0.mp4,You
sign+AF8-videos/IMG+AF8-2934+AF8-clip+AF8-2+AF8-aug+AF8-1.mp4,You
sign+AF8-videos/IMG+AF8-2935+AF8-clip+AF8-0+AF8-aug+AF8-0.mp4,Me
sign+AF8-videos/IMG+AF8-2935+AF8-clip+AF8-0+AF8-aug+AF8-1.mp4,Me
sign+AF8-videos/IMG+AF8-2935+AF8-clip+AF8-1+AF8-aug+AF8-0.mp4,Me
sign+AF8-videos/IMG+AF8-2935+AF8-clip+AF8-1+AF8-aug+AF8-1.mp4,Me
sign+AF8-videos/IMG+AF8-2935+AF8-clip+AF8-2+AF8-aug+AF8-0.mp4,Me
sign+AF8-videos/IMG+AF8-2935+AF8-clip+AF8-2+AF8-aug+AF8-1.mp4,Me
sign+AF8-videos/IMG+AF8-2936+AF8-clip+AF8-0+AF8-aug+AF8-0.mp4,Mosque
sign+AF8-videos/IMG+AF8-2936+AF8-clip+AF8-0+AF8-aug+AF8-1.mp4,Mosque
sign+AF8-videos/IMG+AF8-2936+AF8-clip+AF8-1+AF8-aug+AF8-0.mp4,Mosque
sign+AF8-videos/IMG+AF8-2936+AF8-clip+AF8-1+AF8-aug+AF8-1.mp4,Mosque
sign+AF8-videos/IMG+AF8-2936+AF8-clip+AF8-2+AF8-aug+AF8-0.mp4,Mosque
sign+AF8-videos/IMG+AF8-2936+AF8-clip+AF8-2+AF8-aug+AF8-1.mp4,Mosque
sign+AF8-videos/IMG+AF8-2937+AF8-clip+AF8-0+AF8-aug+AF8-0.mp4,Love
sign+AF8-videos/IMG+AF8-2937+AF8-clip+AF8-0+AF8-aug+AF8-1.mp4,Love
sign+AF8-videos/IMG+AF8-2937+AF8-clip+AF8-1+AF8-aug+AF8-0.mp4,Love
sign+AF8-videos/IMG+AF8-2937+AF8-clip+AF8-1+AF8-aug+AF8-1.mp4,Love
sign+AF8-videos/IMG+AF8-2937+AF8-clip+AF8-2+AF8-aug+AF8-0.mp4,Love
sign+AF8-videos/IMG+AF8-2937+AF8-clip+AF8-2+AF8-aug+AF8-1.mp4,Love
sign+AF8-videos/IMG+AF8-2938+AF8-clip+AF8-0+AF8-aug+AF8-0.mp4,Friend
sign+AF8-videos/IMG+AF8-2938+AF8-clip+AF8-0+AF8-aug+AF8-1.mp4,Friend
sign+AF8-videos/IMG+AF8-2938+AF8-clip+AF8-1+AF8-aug+AF8-0.mp4,Friend
sign+AF8-videos/IMG+AF8-2938+AF8-clip+AF8-1+AF8-aug+AF8-1.mp4,Friend
sign+AF8-videos/IMG+AF8-2938+AF8-clip+AF8-2+AF8-aug+AF8-0.mp4,Friend
sign+AF8-videos/IMG+AF8-2938+AF8-clip+AF8-2+AF8-aug+AF8-1.mp4,Friend
sign+AF8-videos/IMG+AF8-2939+AF8-clip+AF8-0+AF8-aug+AF8-0.mp4,Temple
sign+AF8-videos/IMG+AF8-2939+AF8-clip+AF8-0+AF8-aug+AF8-1.mp4,Temple
sign+AF8-videos/IMG+AF8-2939+AF8-clip+AF8-1+AF8-aug+AF8-0.mp4,Temple
sign+AF8-videos/IMG+AF8-2939+AF8-clip+AF8-1+AF8-aug+AF8-1.mp4,Temple
sign+AF8-videos/IMG+AF8-2939+AF8-clip+AF8-2+AF8-aug+AF8-0.mp4,Temple
sign+AF8-videos/IMG+AF8-2939+AF8-clip+AF8-2+AF8-aug+AF8-1.mp4,Temple
sign+AF8-videos/IMG+AF8-2940+AF8-clip+AF8-0+AF8-aug+AF8-0.mp4,Enough/Satisfied
sign+AF8-videos/IMG+AF8-2940+AF8-clip+AF8-0+AF8-aug+AF8-1.mp4,Enough/Satisfied
sign+AF8-videos/IMG+AF8-2940+AF8-clip+AF8-1+AF8-aug+AF8-0.mp4,Enough/Satisfied
sign+AF8-videos/IMG+AF8-2940+AF8-clip+AF8-1+AF8-aug+AF8-1.mp4,Enough/Satisfied
sign+AF8-videos/IMG+AF8-2940+AF8-clip+AF8-2+AF8-aug+AF8-0.mp4,Enough/Satisfied
sign+AF8-videos/IMG+AF8-2940+AF8-clip+AF8-2+AF8-aug+AF8-1.mp4,Enough/Satisfied
sign+AF8-videos/IMG+AF8-2941+AF8-clip+AF8-0+AF8-aug+AF8-0.mp4,Seat
sign+AF8-videos/IMG+AF8-2941+AF8-clip+AF8-0+AF8-aug+AF8-1.mp4,Seat
sign+AF8-videos/IMG+AF8-2941+AF8-clip+AF8-1+AF8-aug+AF8-0.mp4,Seat
sign+AF8-videos/IMG+AF8-2941+AF8-clip+AF8-1+AF8-aug+AF8-1.mp4,Seat
sign+AF8-videos/IMG+AF8-2941+AF8-clip+AF8-2+AF8-aug+AF8-0.mp4,Seat
sign+AF8-videos/IMG+AF8-2941+AF8-clip+AF8-2+AF8-aug+AF8-1.mp4,Seat
sign+AF8-videos/IMG+AF8-2942+AF8-clip+AF8-0+AF8-aug+AF8-0.mp4,Church
sign+AF8-videos/IMG+AF8-2942+AF8-clip+AF8-0+AF8-aug+AF8-1.mp4,Church
sign+AF8-videos/IMG+AF8-2942+AF8-clip+AF8-1+AF8-aug+AF8-0.mp4,Church
sign+AF8-videos/IMG+AF8-2942+AF8-clip+AF8-1+AF8-aug+AF8-1.mp4,Church
sign+AF8-videos/IMG+AF8-2942+AF8-clip+AF8-2+AF8-aug+AF8-0.mp4,Church
sign+AF8-videos/IMG+AF8-2942+AF8-clip+AF8-2+AF8-aug+AF8-1.mp4,Church
sign+AF8-videos/IMG+AF8-2943+AF8-clip+AF8-0+AF8-aug+AF8-0.mp4,You
sign+AF8-videos/IMG+AF8-2943+AF8-clip+AF8-0+AF8-aug+AF8-1.mp4,You
sign+AF8-videos/IMG+AF8-2943+AF8-clip+AF8-1+AF8-aug+AF8-0.mp4,You
sign+AF8-videos/IMG+AF8-2943+AF8-clip+AF8-1+AF8-aug+AF8-1.mp4,You
sign+AF8-videos/IMG+AF8-2943+AF8-clip+AF8-2+AF8-aug+AF8-0.mp4,You
sign+AF8-videos/IMG+AF8-2943+AF8-clip+AF8-2+AF8-aug+AF8-1.mp4,You
